ERROR,id,partner_id,partner_invoice_id,partner_shipping_id,name,date_order,pricelist_id/id,order_line/sequence,order_line/type,order_line/name,order_line/special_info,order_line/product_id,order_line/product_uom_qty,order_line/salesman_id/id,order_line/price_unit,order_line/product_uom
YES,sale_order_1006610,แสงเจริญ,แสงเจริญ,แสงเจริญ,1004305,2013-02-08,product.list0,30,from stock,"ซี่ลวดเหล็ก 14G*242มม. (24"") ชุบซิงค์ พร้อมหัวซี่ลวดขึ้นมือ",,SPK026,250,base.user_root,57,กุรุส
YES,sale_order_1006597,งี่ฮ้ง - สวนมะลิ,งี่ฮ้ง - สวนมะลิ,งี่ฮ้ง - สวนมะลิ,1004292,2013-02-07,product.list0,10,from stock,"ตะเกียบ MTB 24"" [182:221] คละสี",** ส่งของที่ร้าน **,FRK016X,10,base.user_root,54,อัน
YES,sale_order_1006598,"เจริญจักรยาน, ราชบุรี","เจริญจักรยาน, ราชบุรี","เจริญจักรยาน, ราชบุรี",1004293,2013-02-07,product.list0,190,from stock,"จักรยาน SPORTS รุ่น CLASSIC 26"" คละสี",** nobox **,MSP26X,10,base.user_root,1500,คัน
YES,sale_order_1006600,"วี.ที.เว็นเท็กซ์, หจก.","วี.ที.เว็นเท็กซ์, หจก.","วี.ที.เว็นเท็กซ์, หจก.",1004295,2013-02-07,product.list0,50,from stock,"วงล้อเหล็ก 26""*1-3/8*14G*40H+40H ชบโครเมี่ยม ZLS-006",,RIM068,50,base.user_root,145,คู่
YES,sale_order_1006600,"วี.ที.เว็นเท็กซ์, หจก.","วี.ที.เว็นเท็กซ์, หจก.","วี.ที.เว็นเท็กซ์, หจก.",1004295,2013-02-07,product.list0,60,from stock,"ชุดแฮนด์ปีกนก MTB 16"" สีสะท้อนแสง สีส้ม + คอ MTB 60mm ชุบดำ",,KIT_HAND_MTB_16O,500,base.user_root,42,ชุด
YES,sale_order_1006600,"วี.ที.เว็นเท็กซ์, หจก.","วี.ที.เว็นเท็กซ์, หจก.","วี.ที.เว็นเท็กซ์, หจก.",1004295,2013-02-07,product.list0,70,from stock,"ชุดแฮนด์ปีกนก MTB 16"" สีสะท้อนแสง สีเหลือง + คอ MTB 60mm ชุบดำ",,KIT_HAND_MTB_16Y,500,base.user_root,42,ชุด
YES,sale_order_1006601,"วี.ที.เว็นเท็กซ์, หจก.","วี.ที.เว็นเท็กซ์, หจก.","วี.ที.เว็นเท็กซ์, หจก.",1004296,2013-02-07,product.list0,20,from stock,"ชุดใหญ่ 16""MTB-Y-Mono กลก. มีรูกระติกน้ำ แคนดี้แดง * ตังถัง, ตะเกียบ, อัดถ้วยคอ, แฮนด์รุ่น 20""พ่นสี + คอชุบดำ, ปลอกมือ, อานสี, บังโซ่นกหวีด, บันได, ล้อพ่วง, วงล้อสี, ชุดขาจานเลื้อยED 4.1/2 + ชุดถ้วย + ใบจาน 32T. (ไม่เอาบังโคลน+ขา)",** ไม่เอาอาน **,OEM058,40,base.user_root,528,ชุด
YES,sale_order_1006601,"วี.ที.เว็นเท็กซ์, หจก.","วี.ที.เว็นเท็กซ์, หจก.","วี.ที.เว็นเท็กซ์, หจก.",1004296,2013-02-07,product.list0,30,from stock,"ชุดใหญ่ 16""MTB-Y-Mono กลก. มีรูกระติกน้ำ แคนดี้น้ำเงิน * ตังถัง, ตะเกียบ, อัดถ้วยคอ, แฮนด์รุ่น 20""พ่นสี + คอชุบดำ, ปลอกมือ, อานสี, บังโซ่นกหวีด, บันได,  ล้อพ่วง, วงล้อสี, ชุดขาจานเลื้อยED 4.1/2 + ชุดถ้วย + ใบจาน 32T. (ไม่เอาบังโคลน+ขา)",** ไม่เอาอาน **,OEM059,40,base.user_root,528,ชุด
YES,sale_order_1006601,"วี.ที.เว็นเท็กซ์, หจก.","วี.ที.เว็นเท็กซ์, หจก.","วี.ที.เว็นเท็กซ์, หจก.",1004296,2013-02-07,product.list0,40,from stock,"ชุดใหญ่ 16""MTB-Y-Mono กลก. มีรูกระติกน้ำ แคนดี้ชมพู * ตังถัง, ตะเกียบ, อัดถ้วยคอ, แฮนด์รุ่น 20""พ่นสี + คอชุบดำ, ปลอกมือ, อานสี, บังโซ่นกหวีด, บันได, ล้อพ่วง, วงล้อสี, ชุดขาจานเลื้อยED 4.1/2 + ชุดถ้วย + ใบจาน 32T. (ไม่เอาบังโคลน+ขา)",- สีดำ ** ไม่เอาอาน **,OEM057,20,base.user_root,528,ชุด
YES,sale_order_1006573,ไทยฮวด,ไทยฮวด,ไทยฮวด,1004268,2013-02-05,product.list0,10,from stock,"จักรยาน SPORTS รุ่น CLASSIC 26"" คละสี",,MSP26X,30,base.user_root,1500,คัน
YES,sale_order_1006578,งี่ฮง - วรจักร,งี่ฮง - วรจักร,งี่ฮง - วรจักร,1004273,2013-02-05,product.list0,10,from stock,"วงล้อเหล็ก 20""*10G*28H สีมุก คละสี",,RIM033M,10,base.user_root,83,คู่
YES,sale_order_1006579,"วี.ที.เว็นเท็กซ์, หจก.","วี.ที.เว็นเท็กซ์, หจก.","วี.ที.เว็นเท็กซ์, หจก.",1004274,2013-02-05,product.list0,50,from stock,"ซี่ลวดเหล็ก 14G*242มม. (24"") ชุบซิงค์ พร้อมหัวซี่ลวดขึ้นมือ",,SPK026,500,base.user_root,57,กุรุส
YES,sale_order_1006562,หาญพาณิช,หาญพาณิช,หาญพาณิช,1004257,2013-02-04,product.list0,30,from stock,ไฟซิลิโคน FT-208D สีแดง,,LGH006R,10,base.user_root,70,ชุด
YES,sale_order_1006562,หาญพาณิช,หาญพาณิช,หาญพาณิช,1004257,2013-02-04,product.list0,40,from stock,ไฟซิลิโคน FT-208D สีน้ำเงิน,,LGH006B,10,base.user_root,70,ชุด
YES,sale_order_1006562,หาญพาณิช,หาญพาณิช,หาญพาณิช,1004257,2013-02-04,product.list0,50,from stock,ไฟซิลิโคน FT-208D สีดำ,,LGH006K,10,base.user_root,70,ชุด
YES,sale_order_1006562,หาญพาณิช,หาญพาณิช,หาญพาณิช,1004257,2013-02-04,product.list0,60,from stock,ไฟซิลิโคน FT-208D สีเหลือง,,LGH006Y,10,base.user_root,70,ชุด
YES,sale_order_1006562,หาญพาณิช,หาญพาณิช,หาญพาณิช,1004257,2013-02-04,product.list0,70,from stock,ไฟซิลิโคน FT-208D สีขาว,,LGH006W,10,base.user_root,70,ชุด
YES,sale_order_1006565,"สุรพลจักรยาน, ร้าน","สุรพลจักรยาน, ร้าน","สุรพลจักรยาน, ร้าน",1004260,2013-02-04,product.list0,30,from stock,ชุดเบรคก้ามปู หน้า/หลัง ED พร้อมมือเบรค 24 และสาย,,KIT_BRAKE_MTB_24,50,base.user_root,47,ชุด
YES,sale_order_1006565,"สุรพลจักรยาน, ร้าน","สุรพลจักรยาน, ร้าน","สุรพลจักรยาน, ร้าน",1004260,2013-02-04,product.list0,80,from stock,"วงล้อเหล็ก 24"" ชบโครเมี่ยม #TJSR",,RIM036,10,base.user_root,88,คู่
YES,sale_order_1006565,"สุรพลจักรยาน, ร้าน","สุรพลจักรยาน, ร้าน","สุรพลจักรยาน, ร้าน",1004260,2013-02-04,product.list0,100,from stock,"วงล้อเหล็ก 20""*14G*28H ชบโครเมี่ยม #TJSR",,RIM030,10,base.user_root,72,คู่
YES,sale_order_1006550,กิจเสรี,กิจเสรี,กิจเสรี,1004245,2013-02-02,product.list0,10,from stock,"ซี่ลวดเหล็ก 14G*123มม. (14"") ชุบซิงค์ พร้อมหัวซี่ลวดขึ้นมือ #ZL",,SPK016,50,base.user_root,50,กุรุส
YES,sale_order_1006550,กิจเสรี,กิจเสรี,กิจเสรี,1004245,2013-02-02,product.list0,40,from stock,"ซี่ลวดเหล็ก 14G*242มม. (24"") ชุบซิงค์ พร้อมหัวซี่ลวดขึ้นมือ",,SPK026,50,base.user_root,61,กุรุส
YES,sale_order_1006538,งี่ฮ้ง - สวนมะลิ,งี่ฮ้ง - สวนมะลิ,งี่ฮ้ง - สวนมะลิ,1004233,2013-02-01,product.list0,10,from stock,"ตะเกียบ MTB 20"" [182:221] คละสี",,FRK010X,20,base.user_root,54,อัน
YES,sale_order_1006539,พี.เอส.ที.เทรดดิ้ง,พี.เอส.ที.เทรดดิ้ง,พี.เอส.ที.เทรดดิ้ง,1004234,2013-02-01,product.list0,10,from stock,ชุดแฮนด์ MINI 16 สีฟ้า + คอ MTB 60mm  สีฟ้า,,KIT_HAND_MINI_16SB,200,base.user_root,46,ชุด
YES,sale_order_1006540,"วี.ที.เว็นเท็กซ์, หจก.","วี.ที.เว็นเท็กซ์, หจก.","วี.ที.เว็นเท็กซ์, หจก.",1004235,2013-02-01,product.list0,40,from stock,ชุดดุมเหล็ก หน้า/หลัง 28 รู #10 ชุบซิงค์,,KIT_HUB_2810U,500,base.user_root,34,คู่
YES,sale_order_1006540,"วี.ที.เว็นเท็กซ์, หจก.","วี.ที.เว็นเท็กซ์, หจก.","วี.ที.เว็นเท็กซ์, หจก.",1004235,2013-02-01,product.list0,50,from stock,ชุดดุมเหล็ก หน้า/หลัง 28 รู #14 ชุบซิงค์,,KIT_HUB_2814U,1000,base.user_root,33,คู่
YES,sale_order_1006544,สารคามอะไหล่,สารคามอะไหล่,สารคามอะไหล่,1004239,2013-02-01,product.list0,10,from stock,"CKD จักรยาน MTB รุ่น RJC 24"" สีชมพู","** ยางนอกไทย, มีตะกร้า ** ราคาเนต ** ส่ง 11-2-56",CKD005,10,base.user_root,1087,คัน
YES,sale_order_1006544,สารคามอะไหล่,สารคามอะไหล่,สารคามอะไหล่,1004239,2013-02-01,product.list0,20,from stock,"CKD จักรยาน MTB รุ่น RJC 24"" สีดำ","** ยางนอกไทย, มีตะกร้า ** ราคาเนต ** ส่ง 11-2-56",CKD006,10,base.user_root,1087,คัน
YES,sale_order_1006544,สารคามอะไหล่,สารคามอะไหล่,สารคามอะไหล่,1004239,2013-02-01,product.list0,30,from stock,"CKD จักรยาน MTB รุ่น RJC 24"" สีน้ำเงิน","** ยางนอกไทย, มีตะกร้า ** ราคาเนต ** ส่ง 11-2-56",CKD008,15,base.user_root,1087,คัน
YES,sale_order_1006544,สารคามอะไหล่,สารคามอะไหล่,สารคามอะไหล่,1004239,2013-02-01,product.list0,40,from stock,"CKD จักรยาน MTB รุ่น RJC 24"" สีแดง","** ยางนอกไทย, มีตะกร้า ** ราคาเนต ** ส่ง 11-2-56",CKD007,15,base.user_root,1087,คัน
YES,sale_order_1006547,ยงไทยจักรยาน,ยงไทยจักรยาน,ยงไทยจักรยาน,1004242,2013-02-01,product.list0,10,from stock,ไฟซิลิโคน FT-206D สีแดง,,LGH005R,2,base.user_root,70,ชุด
YES,sale_order_1006547,ยงไทยจักรยาน,ยงไทยจักรยาน,ยงไทยจักรยาน,1004242,2013-02-01,product.list0,20,from stock,ไฟซิลิโคน FT-206D สีฟ้า,,LGH005SB,2,base.user_root,70,ชุด
YES,sale_order_1006547,ยงไทยจักรยาน,ยงไทยจักรยาน,ยงไทยจักรยาน,1004242,2013-02-01,product.list0,30,from stock,ไฟซิลิโคน FT-206D สีขาว,,LGH005W,2,base.user_root,70,ชุด
YES,sale_order_1006547,ยงไทยจักรยาน,ยงไทยจักรยาน,ยงไทยจักรยาน,1004242,2013-02-01,product.list0,40,from stock,ไฟซิลิโคน FT-206D สีเหลือง,,LGH005Y,2,base.user_root,70,ชุด
YES,sale_order_1006547,ยงไทยจักรยาน,ยงไทยจักรยาน,ยงไทยจักรยาน,1004242,2013-02-01,product.list0,50,from stock,ไฟซิลิโคน FT-206D สีดำ,,LGH005K,2,base.user_root,70,ชุด
YES,sale_order_1006547,ยงไทยจักรยาน,ยงไทยจักรยาน,ยงไทยจักรยาน,1004242,2013-02-01,product.list0,60,from stock,ไฟซิลิโคน FT-208D สีแดง,,LGH006R,2,base.user_root,70,ชุด
YES,sale_order_1006547,ยงไทยจักรยาน,ยงไทยจักรยาน,ยงไทยจักรยาน,1004242,2013-02-01,product.list0,70,from stock,ไฟซิลิโคน FT-208D สีน้ำเงิน,,LGH006B,2,base.user_root,70,ชุด
YES,sale_order_1006547,ยงไทยจักรยาน,ยงไทยจักรยาน,ยงไทยจักรยาน,1004242,2013-02-01,product.list0,80,from stock,ไฟซิลิโคน FT-208D สีขาว,,LGH006W,2,base.user_root,70,ชุด
YES,sale_order_1006547,ยงไทยจักรยาน,ยงไทยจักรยาน,ยงไทยจักรยาน,1004242,2013-02-01,product.list0,90,from stock,ไฟซิลิโคน FT-208D สีเหลือง,,LGH006Y,2,base.user_root,70,ชุด
YES,sale_order_1006547,ยงไทยจักรยาน,ยงไทยจักรยาน,ยงไทยจักรยาน,1004242,2013-02-01,product.list0,100,from stock,ไฟซิลิโคน FT-208D สีดำ,,LGH006K,2,base.user_root,70,ชุด
YES,sale_order_1006511,"สหจักรยาน, ร้าน ระยอง","สหจักรยาน, ร้าน ระยอง","สหจักรยาน, ร้าน ระยอง",1004206,2013-01-31,product.list0,10,from stock,ไฟซิลิโคน FT-206D สีดำ,,LGH005K,2,base.user_root,70,ชุด
YES,sale_order_1006511,"สหจักรยาน, ร้าน ระยอง","สหจักรยาน, ร้าน ระยอง","สหจักรยาน, ร้าน ระยอง",1004206,2013-01-31,product.list0,20,from stock,ไฟซิลิโคน FT-206D สีขาว,,LGH005W,2,base.user_root,70,ชุด
YES,sale_order_1006511,"สหจักรยาน, ร้าน ระยอง","สหจักรยาน, ร้าน ระยอง","สหจักรยาน, ร้าน ระยอง",1004206,2013-01-31,product.list0,30,from stock,ไฟซิลิโคน FT-206D สีฟ้า,,LGH005SB,2,base.user_root,70,ชุด
YES,sale_order_1006511,"สหจักรยาน, ร้าน ระยอง","สหจักรยาน, ร้าน ระยอง","สหจักรยาน, ร้าน ระยอง",1004206,2013-01-31,product.list0,40,from stock,ไฟซิลิโคน FT-206D สีเหลือง,,LGH005Y,2,base.user_root,70,ชุด
YES,sale_order_1006511,"สหจักรยาน, ร้าน ระยอง","สหจักรยาน, ร้าน ระยอง","สหจักรยาน, ร้าน ระยอง",1004206,2013-01-31,product.list0,50,from stock,ไฟซิลิโคน FT-206D สีแดง,,LGH005R,2,base.user_root,70,ชุด
YES,sale_order_1006511,"สหจักรยาน, ร้าน ระยอง","สหจักรยาน, ร้าน ระยอง","สหจักรยาน, ร้าน ระยอง",1004206,2013-01-31,product.list0,60,from stock,ไฟซิลิโคน FT-208D สีดำ,,LGH006K,2,base.user_root,70,ชุด
YES,sale_order_1006511,"สหจักรยาน, ร้าน ระยอง","สหจักรยาน, ร้าน ระยอง","สหจักรยาน, ร้าน ระยอง",1004206,2013-01-31,product.list0,70,from stock,ไฟซิลิโคน FT-208D สีขาว,,LGH006W,2,base.user_root,70,ชุด
YES,sale_order_1006511,"สหจักรยาน, ร้าน ระยอง","สหจักรยาน, ร้าน ระยอง","สหจักรยาน, ร้าน ระยอง",1004206,2013-01-31,product.list0,80,from stock,ไฟซิลิโคน FT-208D สีน้ำเงิน,,LGH006B,2,base.user_root,70,ชุด
YES,sale_order_1006511,"สหจักรยาน, ร้าน ระยอง","สหจักรยาน, ร้าน ระยอง","สหจักรยาน, ร้าน ระยอง",1004206,2013-01-31,product.list0,90,from stock,ไฟซิลิโคน FT-208D สีเหลือง,,LGH006Y,2,base.user_root,70,ชุด
YES,sale_order_1006511,"สหจักรยาน, ร้าน ระยอง","สหจักรยาน, ร้าน ระยอง","สหจักรยาน, ร้าน ระยอง",1004206,2013-01-31,product.list0,100,from stock,ไฟซิลิโคน FT-208D สีแดง,,LGH006R,2,base.user_root,70,ชุด
YES,sale_order_1006519,สหชัยวิทยุจักรยาน (ABC),สหชัยวิทยุจักรยาน (ABC),สหชัยวิทยุจักรยาน (ABC),1004214,2013-01-31,product.list0,90,from stock,ชุดขาจานเลื้อย ED 6.1/2 (165mm) + ชุดถ้วยซ้าย-ขวา + ลูกปืนพวง (9ชิ้น) กะโหลกใหญ่ + ใบจานเลื้อย 44T ED,,KIT_OPC_165,10,base.user_root,96,ชุด
YES,sale_order_1006531,บุญลือจักรยาน,บุญลือจักรยาน,บุญลือจักรยาน,1004226,2013-01-31,product.list0,10,from stock,"CKD จักรยาน SWALLOW รุ่น CRUISER 24"" สีแดง",- คละสี,CKD015,50,base.user_root,1354,คัน
YES,sale_order_1006531,บุญลือจักรยาน,บุญลือจักรยาน,บุญลือจักรยาน,1004226,2013-01-31,product.list0,20,from stock,"CKD จักรยาน SWALLOW รุ่น CRUISER 20"" สีแดง",- คละสี,CKD011,50,base.user_root,1315,คัน
YES,sale_order_1006489,นิยมจักรยาน,นิยมจักรยาน,นิยมจักรยาน,1004184,2013-01-29,product.list0,10,from stock,ชุดเบรคก้ามปู หน้า/หลัง ED พร้อมมือเบรค 24 และสาย,,KIT_BRAKE_MTB_24,500,base.user_root,41,ชุด
YES,sale_order_1006453,แสงจันทร์,แสงจันทร์,แสงจันทร์,1004148,2013-01-25,product.list0,60,from stock,"วงล้ออัลลอย 24""  ขึ้นซี่ลวด #14G พร้อมดุม 36 รู UCP - หน้า/หลัง",,KIT_RIM_24A_FR,50,base.user_root,195,คู่
YES,sale_order_1006453,แสงจันทร์,แสงจันทร์,แสงจันทร์,1004148,2013-01-25,product.list0,70,from stock,"วงล้อเหล็ก 24"" ชุบโครเมี่ยม ขึ้นซี่ลวด #14G พร้อมดุม 28 รู - หน้า/หลัง",,KIT_RIM_24S_FR,150,base.user_root,165,คู่
YES,sale_order_1006461,พรทิพย์อะไหล่,พรทิพย์อะไหล่,พรทิพย์อะไหล่,1004156,2013-01-25,product.list0,10,from stock,"วงล้อเหล็ก 26""x1.3/8 ชุบโครเมี่ยม ขึ้นซี่ลวด #14G พร้อมดุม 32/40 รู - หน้า/หลัง",,KIT_RIM_26138S_FR,50,base.user_root,270,คู่
YES,sale_order_1006461,พรทิพย์อะไหล่,พรทิพย์อะไหล่,พรทิพย์อะไหล่,1004156,2013-01-25,product.list0,60,from stock,"วงล้อเหล็ก 26""x1.75 ชุบโครเมี่ยม ขึ้นซี่ลวด #14G พร้อมดุม 36 รู - หน้า/หลัง",,KIT_RIM_26175S_FR,20,base.user_root,230,คู่
YES,sale_order_1006469,"วี.ที.เว็นเท็กซ์, หจก.","วี.ที.เว็นเท็กซ์, หจก.","วี.ที.เว็นเท็กซ์, หจก.",1004164,2013-01-25,product.list0,50,from stock,"ชุดขาเบาะท้าย มินิ 24"" ED แบบ 4 ชิ้น",,KIT_CST_MINI24_ED,300,base.user_root,33,ชุด
YES,sale_order_1006451,ห้างแสงพาณิชย์,ห้างแสงพาณิชย์,ห้างแสงพาณิชย์,1004146,2013-01-24,product.list0,40,from stock,"ชุดขาเบาะท้าย มินิ 24"" ED แบบ 4 ชิ้น",,KIT_CST_MINI24_ED,500,base.user_root,33,ชุด
YES,sale_order_1006420,นิยมจักรยาน,นิยมจักรยาน,นิยมจักรยาน,1004115,2013-01-23,product.list0,50,from stock,ชุดแฮนด์ MINI 12-14 คละสี + คอ MTB 60mm คละสี,แฮนด์ปีกนก ชุบดำ + คอ ชุบดำ (ของราชา),KIT_HAND_MINI_14X,50,base.user_root,33,ชุด
YES,sale_order_1006410,งี่ฮ้ง - สวนมะลิ,งี่ฮ้ง - สวนมะลิ,งี่ฮ้ง - สวนมะลิ,1004105,2013-01-22,product.list0,20,from stock,"วงล้อเหล็ก 20""*10G*28H สีมุกทอง",,RIM033MG,10,base.user_root,83,คู่
YES,sale_order_1006411,หงษ์ฟ้าเกียรติศักดิ์,หงษ์ฟ้าเกียรติศักดิ์,หงษ์ฟ้าเกียรติศักดิ์,1004106,2013-01-22,product.list0,10,from stock,"ตะเกียบ MTB 20"" [182:221] คละสี",** ราคาเนต **,FRK010X,80,base.user_root,54,อัน
YES,sale_order_1006413,"วี.ที.เว็นเท็กซ์, หจก.","วี.ที.เว็นเท็กซ์, หจก.","วี.ที.เว็นเท็กซ์, หจก.",1004108,2013-01-22,product.list0,10,from stock,"ชุดแฮนด์ปีกนก MTB 24"" + คอ MTB  80mm ชุบดำ",แฮนด์ ปีกนก (ทรงสูง),KIT_HAND_MTB_24E,200,base.user_root,47,ชุด
YES,sale_order_1006365,ไพโอเนียร์ไซเคิล (เอ.วี),ไพโอเนียร์ไซเคิล (เอ.วี),ไพโอเนียร์ไซเคิล (เอ.วี),1004060,2013-01-18,product.list0,10,from stock,"ชุดใหญ่ 26""SPORT  มีกุญแจคอ ลูไซด์ดำ * ตัวถัง, ตะเกียบ, ถุงอะไหล่, บังโคลน, หุ้มโซ่เต็ม, บังล้อ, แฮนด์ + คอ SPORT, บันได, พักเท้า, ขาตั้ง, ขาตะกร้า *",,OEM_SPORT_26_K,10,base.user_root,930,ชุด
YES,sale_order_1006377,เสมอการช่าง,เสมอการช่าง,เสมอการช่าง,1004072,2013-01-18,product.list0,20,from stock,"CKD จักรยาน MTB รุ่น RJC 24"" สีแดง",** มีตะกร้า **,CKD007,20,base.user_root,1016,คัน
YES,sale_order_1006377,เสมอการช่าง,เสมอการช่าง,เสมอการช่าง,1004072,2013-01-18,product.list0,30,from stock,"CKD จักรยาน MTB รุ่น RJC 24"" สีน้ำเงิน",** มีตะกร้า **,CKD008,10,base.user_root,1016,คัน
YES,sale_order_1006377,เสมอการช่าง,เสมอการช่าง,เสมอการช่าง,1004072,2013-01-18,product.list0,40,from stock,"CKD จักรยาน MTB รุ่น RJC 24"" สีดำ",** มีตะกร้า **,CKD006,10,base.user_root,1016,คัน
YES,sale_order_1006377,เสมอการช่าง,เสมอการช่าง,เสมอการช่าง,1004072,2013-01-18,product.list0,50,from stock,"CKD จักรยาน MTB รุ่น RJC 24"" สีชมพู",** มีตะกร้า **,CKD005,10,base.user_root,1016,คัน
YES,sale_order_1006304,ศักดิ์จักรยาน,ศักดิ์จักรยาน,ศักดิ์จักรยาน,1003999,2013-01-14,product.list0,40,from stock,"CKD จักรยานเด็ก SWALLOW รุ่น ANGEL 16"" สีแดง",- คละสี ** ยางไทย **,CKD033,50,base.user_root,932,คัน
YES,sale_order_1006309,แสงจันทร์,แสงจันทร์,แสงจันทร์,1004004,2013-01-14,product.list0,10,from stock,"วงล้อเหล็ก 20"" ชุบโครเมี่ยม ขึ้นซี่ลวด #14G พร้อมดุม 28 รู - หน้า/หลัง",,KIT_RIM_20S_FR,50,base.user_root,145,คู่
YES,sale_order_1006247,"วี.ที.เว็นเท็กซ์, หจก.","วี.ที.เว็นเท็กซ์, หจก.","วี.ที.เว็นเท็กซ์, หจก.",1003942,2013-01-07,product.list0,150,from stock,ชุดดุมเหล็ก หน้า/หลัง 28 รู #14 ชุบซิงค์,,KIT_HUB_2814U,1000,base.user_root,33,คู่
YES,sale_order_1006209,รุ่งกิจจักรยาน,รุ่งกิจจักรยาน,รุ่งกิจจักรยาน,1003904,2013-01-05,product.list0,60,from stock,ชุดเบรคก้ามปู หน้า/หลัง ED พร้อมมือเบรค 24 และสาย,,KIT_BRAKE_MTB_24,50,base.user_root,45,ชุด
YES,sale_order_1006195,สหชัยวิทยุจักรยาน (ABC),สหชัยวิทยุจักรยาน (ABC),สหชัยวิทยุจักรยาน (ABC),1003890,2013-01-04,product.list0,40,from stock,"ตะเกียบ MTB 16"" [131:170] คละสี",,FRK008X,10,base.user_root,53,อัน
YES,sale_order_1006115,นิยมจักรยาน,นิยมจักรยาน,นิยมจักรยาน,1003810,2012-12-25,product.list0,20,from stock,"บังโคลนเหล็ก MTB 24"" คละสี (หน้า-หลัง) พร้อมขาชุบดำ (328+328) และปะกับ",,KIT_MUDGUARD_MTB_300X,20,base.user_root,54,ชุด
YES,sale_order_1006090,เสรียนต์,เสรียนต์,เสรียนต์,1003785,2012-12-24,product.list0,40,from stock,"ตะเกียบ MTB 26"" คอยาว คละสี",,FRK021X,20,base.user_root,67,อัน
YES,sale_order_1006090,เสรียนต์,เสรียนต์,เสรียนต์,1003785,2012-12-24,product.list0,70,from stock,"ซี่ลวดเหล็ก 14G*242มม. (24"") ชุบซิงค์ พร้อมหัวซี่ลวดขึ้นมือ",,SPK026,10,base.user_root,61,กุรุส
YES,sale_order_1006096,ฉอยเซ็น,ฉอยเซ็น,ฉอยเซ็น,1003791,2012-12-24,product.list0,30,from stock,"วงล้อเหล็ก 24"" ชุบโครเมี่ยม ขึ้นซี่ลวด #14G พร้อมดุม 28 รู - หลัง/หลัง",,KIT_RIM_24S_RR,20,base.user_root,195,คู่
YES,sale_order_1006059,"เจริญจักรยาน,ขอนแก่น","เจริญจักรยาน,ขอนแก่น","เจริญจักรยาน,ขอนแก่น",1003754,2012-12-21,product.list0,30,from stock,"SKD จักรยานเด็ก MEADOW รุ่น GUMBY 12"" สีมุก - ดำ",- สีชมพู,MGB12K,3,base.user_root,730,คัน
YES,sale_order_1006060,"เจริญจักรยาน,ขอนแก่น","เจริญจักรยาน,ขอนแก่น","เจริญจักรยาน,ขอนแก่น",1003755,2012-12-21,product.list0,10,from stock,"บังโคลนเหล็ก MTB 20"" สีดำ (หน้า-หลัง) พร้อมขาดำ (282+282) และปะกับ",,KIT_MUDGUARD_MTB_282K,10,base.user_root,58,ชุด
YES,sale_order_1006060,"เจริญจักรยาน,ขอนแก่น","เจริญจักรยาน,ขอนแก่น","เจริญจักรยาน,ขอนแก่น",1003755,2012-12-21,product.list0,20,from stock,"บังโคลนเหล็ก MTB 24"" สีดำ (หน้า-หลัง) พร้อมขาดำ (328+328) และปะกับ",,KIT_MUDGUARD_MTB_328K,20,base.user_root,63,ชุด
YES,sale_order_1006022,"วัฒนพานิช, อยุธยา","วัฒนพานิช, อยุธยา","วัฒนพานิช, อยุธยา",1003717,2012-12-19,product.list0,50,from stock,"วงล้อเหล็ก 24"" ชุบโครเมี่ยม ขึ้นซี่ลวด #14G พร้อมดุม 28 รู - หลัง/หลัง",,KIT_RIM_24S_RR,10,base.user_root,200,คู่
YES,sale_order_1006022,"วัฒนพานิช, อยุธยา","วัฒนพานิช, อยุธยา","วัฒนพานิช, อยุธยา",1003717,2012-12-19,product.list0,60,from stock,"วงล้อเหล็ก 24"" ชุบโครเมี่ยม ขึ้นซี่ลวด #14G พร้อมดุม 28 รู - หน้า/หลัง",,KIT_RIM_24S_FR,10,base.user_root,190,คู่
YES,sale_order_1005889,"วี.ที.เว็นเท็กซ์, หจก.","วี.ที.เว็นเท็กซ์, หจก.","วี.ที.เว็นเท็กซ์, หจก.",1003584,2012-12-10,product.list0,40,from stock,"วงล้อเหล็ก 16"" สีน้ำเงิน HB-2A",,RIM026,100,base.user_root,52,คู่
YES,sale_order_1005828,เจี่ยง่วนเฮง,เจี่ยง่วนเฮง,เจี่ยง่วนเฮง,1003523,2012-12-06,product.list0,90,from stock,"วงล้ออัลลอย 24""  ขึ้นซี่ลวด #14G พร้อมดุม 36 รู UCP - หน้า/หลัง",,KIT_RIM_24A_FR,10,base.user_root,240,คู่
YES,sale_order_1005756,"วี.ที.เว็นเท็กซ์, หจก.","วี.ที.เว็นเท็กซ์, หจก.","วี.ที.เว็นเท็กซ์, หจก.",1003451,2012-11-29,product.list0,60,from stock,"วงล้อเหล็ก 26""*1-3/8*14G*40H+40H ชบโครเมี่ยม ZLS-006",,RIM068,50,base.user_root,145,คู่
YES,sale_order_1005728,แสงจันทร์,แสงจันทร์,แสงจันทร์,1003423,2012-11-26,product.list0,20,from stock,ชุดแฮนด์ MINI 16 สีฟ้า + คอ MTB 60mm  สีฟ้า,,KIT_HAND_MINI_16SB,10,base.user_root,46,ชุด
YES,sale_order_1005728,แสงจันทร์,แสงจันทร์,แสงจันทร์,1003423,2012-11-26,product.list0,30,from stock,ชุดแฮนด์ MINI 16 สีแดง + คอ MTB 60mm  สีแดง,,KIT_HAND_MINI_16R,50,base.user_root,46,ชุด
YES,sale_order_1005647,ไทยฮวด,ไทยฮวด,ไทยฮวด,1003342,2012-11-20,product.list0,30,from stock,"วงล้อเหล็ก 24"" ชุบโครเมี่ยม ขึ้นซี่ลวด #14G พร้อมดุม 28 รู - หน้า/หลัง",,KIT_RIM_24S_FR,10,base.user_root,190,คู่
YES,sale_order_1005647,ไทยฮวด,ไทยฮวด,ไทยฮวด,1003342,2012-11-20,product.list0,40,from stock,"วงล้อเหล็ก 24"" ชุบโครเมี่ยม ขึ้นซี่ลวด #14G พร้อมดุม 28 รู - หลัง/หลัง",,KIT_RIM_24S_RR,20,base.user_root,200,คู่
YES,sale_order_1005647,ไทยฮวด,ไทยฮวด,ไทยฮวด,1003342,2012-11-20,product.list0,50,from stock,"วงล้อเหล็ก 20"" ชุบโครเมี่ยม ขึ้นซี่ลวด #14G พร้อมดุม 28 รู - หน้า/หลัง",,KIT_RIM_20S_FR,10,base.user_root,170,คู่
YES,sale_order_1005647,ไทยฮวด,ไทยฮวด,ไทยฮวด,1003342,2012-11-20,product.list0,60,from stock,"วงล้อเหล็ก 16"" คละสี ขึ้นซี่ลวด #14G พร้อมดุม 20 รู - หลัง/หลัง",,KIT_RIM_16SP_RR,10,base.user_root,135,คู่
YES,sale_order_1005647,ไทยฮวด,ไทยฮวด,ไทยฮวด,1003342,2012-11-20,product.list0,70,from stock,"วงล้อเหล็ก 14"" คละสี ขึ้นซี่ลวด #14G พร้อมดุม 16 รู - หน้า/หลัง",,KIT_RIM_14SP_FR,10,base.user_root,125,คู่
YES,sale_order_1005647,ไทยฮวด,ไทยฮวด,ไทยฮวด,1003342,2012-11-20,product.list0,80,from stock,"วงล้อเหล็ก 12"" คละสี ขึ้นซี่ลวด #14G พร้อมดุม 16 รู - หน้า/หลัง",,KIT_RIM_12SP_FR,10,base.user_root,120,คู่
YES,sale_order_1005573,"วี.ที.เว็นเท็กซ์, หจก.","วี.ที.เว็นเท็กซ์, หจก.","วี.ที.เว็นเท็กซ์, หจก.",1003268,2012-11-12,product.list0,20,from stock,ชุดดุมเหล็ก หน้า/หลัง 20 รู #14 ชุบซิงค์,,KIT_HUB_2014U,1000,base.user_root,33,คู่
YES,sale_order_1005540,หงษ์ฟ้าเกียรติศักดิ์,หงษ์ฟ้าเกียรติศักดิ์,หงษ์ฟ้าเกียรติศักดิ์,1003235,2012-11-10,product.list0,20,from stock,"บังโคลนเหล็ก MINI 20"" สีดำ (หน้า-หลัง) พร้อมขาชุบดำ (275+275) และปะกับ",*** สีบรอนซ์ *** ราคาเนต **,KIT_MUDGUARD_MINI_275K,50,base.user_root,55,ชุด
YES,sale_order_1005498,ห้างทองชัยแสงเพชรจักรยาน,ห้างทองชัยแสงเพชรจักรยาน,ห้างทองชัยแสงเพชรจักรยาน,1003193,2012-11-05,product.list0,10,from stock,"จักรยาน MEADOW MTB รุ่น POWERSHOT 20"" MY10 สีส้ม/ดำ",** ราคาเนต **,MPS20OK,1,base.user_root,2145,คัน
YES,sale_order_1005504,สหชัยวิทยุจักรยาน (ABC),สหชัยวิทยุจักรยาน (ABC),สหชัยวิทยุจักรยาน (ABC),1003199,2012-11-05,product.list0,30,from stock,"จักรยาน MEADOW MTB รุ่น POWERSHOT 20"" MY10 สีส้ม/ดำ",** ราคาเนต **,MPS20OK,1,base.user_root,2145,คัน
YES,sale_order_1005447,"วี.ที.เว็นเท็กซ์, หจก.","วี.ที.เว็นเท็กซ์, หจก.","วี.ที.เว็นเท็กซ์, หจก.",1003142,2012-11-02,product.list0,40,from stock,ชุดดุมเหล็ก หน้า/หลัง 16 รู #14 ชุบซิงค์,,KIT_HUB_1614U,500,base.user_root,33,คู่
YES,sale_order_1005436,แสงจันทร์,แสงจันทร์,แสงจันทร์,1003131,2012-11-01,product.list0,30,from stock,"วงล้อเหล็ก 16""*10G*20H สีสะท้อน คละสี",,RIM028X,-85,base.user_root,70,คู่
YES,sale_order_1005440,"วี.ที.เว็นเท็กซ์, หจก.","วี.ที.เว็นเท็กซ์, หจก.","วี.ที.เว็นเท็กซ์, หจก.",1003135,2012-11-01,product.list0,10,from stock,"ชุดใหญ่ 20""MINI-Y-PT กลญ. มุกแดง * ตัวถัง, ตะเกียบ, ถุงอะไหล่, บังโซ่นกหวีด, บังโคลนเหล็ก หน้า-หลัง, บังล้อ, แฮนด์มินิ, คอห่าน, บันไดดำ, วงล้อ, พักเท้าหลังดำ, ขาเบาะ, ขาตะกร้า, ขาจานเลื้อยED 5.1/2 + ชุดถ้วย + ใบจาน 44 ดำ *",,OEM_YPT_20_R,10,base.user_root,710,ชุด
NO,sale_order_1006342,พูนสินจักรยาน,พูนสินจักรยาน,พูนสินจักรยาน,1004037,2013-01-15,product.list0,10,from stock,"วงล้อเหล็ก 20""*10G*28H สีมุก คละสี",,RIM033M,30,base.user_root,85,คู่
